celltype,module,n_AS,n_CTL,median_AS,median_CTL,delta,pval,padj
AS-Epithelium,ferro_activity,670,196,-0.192,0.068,-0.26,1.3089673e-17,3.4146973777124563e-17
AS-Epithelium,ferro_defense,670,196,-0.0622,0.2729,-0.3351,3.0290044e-35,1.2116017720242057e-34
AS-Epithelium,iron_load,670,196,-0.1021,0.2475,-0.3496,2.1591407e-17,5.397851873227569e-17
AS-Epithelium,inflam_score,670,196,0.0319,0.1412,-0.1094,9.299511e-05,0.00016908202352086929
AS-uAS-uSMC,ferro_activity,1346,300,-0.1852,-0.1742,-0.0109,0.040252984,0.050316229462623596
AS-uAS-uSMC,ferro_defense,1346,300,-0.2357,-0.0278,-0.2079,0.0,0.0
AS-uAS-uSMC,iron_load,1346,300,-0.1962,-0.1302,-0.066,2.8992597e-05,5.436112019197026e-05
AS-uAS-uSMC,inflam_score,1346,300,-0.3388,-0.234,-0.1048,5.6e-44,2.802596928649634e-43
B cells,ferro_activity,364,240,-0.1634,-0.1287,-0.0348,0.25170317,0.2796701921357049
B cells,ferro_defense,364,240,-0.3945,-0.2772,-0.1173,4.7937766e-07,1.0272378452620094e-06
B cells,iron_load,364,240,-0.3361,-0.2216,-0.1145,2.0808295e-05,4.027411881496288e-05
B cells,inflam_score,364,240,0.2265,0.2631,-0.0366,0.011448673,0.015974892519934232
CD8+ T cells,ferro_activity,1814,444,-0.2213,-0.2121,-0.0091,1.4295174e-08,3.1767053185502746e-08
CD8+ T cells,ferro_defense,1814,444,-0.3895,-0.2102,-0.1793,2.9190297e-22,9.217988548016036e-22
CD8+ T cells,iron_load,1814,444,-0.4069,-0.2024,-0.2046,1.3488128e-29,5.058048183848142e-29
CD8+ T cells,inflam_score,1814,444,0.2628,0.2125,0.0503,0.01864364,0.0248581866423289
Ciliated Epithelium,ferro_activity,123,2460,0.0147,0.0616,-0.0469,0.0069472007,0.010420801118016243
Ciliated Epithelium,ferro_defense,123,2460,0.0096,0.2206,-0.211,8.584816e-07,1.7761688248920735e-06
Ciliated Epithelium,iron_load,123,2460,-0.1503,-0.0157,-0.1346,0.0011566535,0.0020411532536587294
Ciliated Epithelium,inflam_score,123,2460,-0.295,-0.0888,-0.2062,6.357929e-18,1.7339806301876158e-17
Cytotoxic NK,ferro_activity,745,103,-0.2134,-0.2646,0.0512,0.038277492,0.04886488331125138
Cytotoxic NK,ferro_defense,745,103,-0.4204,-0.3791,-0.0413,0.042049658,0.05148937659604209
Cytotoxic NK,iron_load,745,103,-0.421,-0.3548,-0.0662,0.20810735,0.23559322896993387
Cytotoxic NK,inflam_score,745,103,0.4294,0.299,0.1303,0.02893302,0.03773872214167014
DC,ferro_activity,342,164,0.3614,0.2224,0.139,0.08641057,0.1036926805973053
DC,ferro_defense,342,164,0.1111,0.2351,-0.124,0.003691054,0.005827979919941802
DC,iron_load,342,164,0.5099,0.4886,0.0212,0.5241632,0.5616034141608647
DC,inflam_score,342,164,1.17,1.1846,-0.0145,0.8651002,0.8797629202826549
DN T cells,ferro_activity,2011,369,-0.2227,-0.2244,0.0017,0.0039164643,0.006025329662057069
DN T cells,ferro_defense,2011,369,-0.4286,-0.2298,-0.1987,6.748666e-24,2.2495554633271336e-23
DN T cells,iron_load,2011,369,-0.3896,-0.2317,-0.1579,1.7673511e-12,4.07850260975754e-12
DN T cells,inflam_score,2011,369,-0.0223,0.0735,-0.0958,0.008703964,0.012674215914947646
Endothelium,ferro_activity,1733,2185,-0.0811,-0.0197,-0.0614,2.2158044e-21,6.330869746632727e-21
Endothelium,ferro_defense,1733,2185,-0.2251,0.0246,-0.2497,0.0,0.0
Endothelium,iron_load,1733,2185,-0.2677,-0.1139,-0.1538,1.2e-43,5.562076981473889e-43
Endothelium,inflam_score,1733,2185,-0.3388,-0.1549,-0.1839,0.0,0.0
Epithelium,ferro_activity,3114,25645,0.3505,0.2059,0.1446,0.0,0.0
Epithelium,ferro_defense,3114,25645,0.0334,0.2779,-0.2445,0.0,0.0
Epithelium,iron_load,3114,25645,0.3609,0.3096,0.0513,0.008871951,0.012674215914947646
Epithelium,inflam_score,3114,25645,-0.1502,0.1194,-0.2696,0.0,0.0
MAIT cells,ferro_activity,380,153,-0.159,-0.128,-0.0311,0.18322064,0.21555369391160853
MAIT cells,ferro_defense,380,153,-0.2508,-0.2686,0.0178,0.99925596,0.9992559552192688
MAIT cells,iron_load,380,153,-0.2075,-0.274,0.0665,0.0036663425,0.005827979919941802
MAIT cells,inflam_score,380,153,0.2858,0.3955,-0.1097,0.018558351,0.0248581866423289
Macrophages,ferro_activity,1215,138,0.467,0.3446,0.1224,0.0021073418,0.003512236289680004
Macrophages,ferro_defense,1215,138,0.244,0.3156,-0.0716,0.19320267,0.22292616275640634
Macrophages,iron_load,1215,138,0.7078,0.5447,0.1631,1.2309028e-05,2.4618055249447934e-05
Macrophages,inflam_score,1215,138,2.4028,2.325,0.0778,0.64052635,0.6626134699788587
NK,ferro_activity,2604,965,-0.1862,-0.2255,0.0393,0.5939285,0.6251879114853709
NK,ferro_defense,2604,965,-0.4748,-0.3199,-0.1549,8e-45,4.586067701426674e-44
NK,iron_load,2604,965,-0.4272,-0.316,-0.1112,7.453022e-22,2.235906606670403e-21
NK,inflam_score,2604,965,0.4861,0.4262,0.0599,0.0012878901,0.0022078116557427813
Perivascular,ferro_activity,2778,2019,-0.1834,-0.1967,0.0133,0.44861665,0.48939998583360156
Perivascular,ferro_defense,2778,2019,-0.2147,-0.149,-0.0657,6.54889e-14,1.5717336286635851e-13
Perivascular,iron_load,2778,2019,-0.1138,-0.2113,0.0975,2.558842e-25,9.031206788227898e-25
Perivascular,inflam_score,2778,2019,-0.3388,-0.2027,-0.1362,5.8193e-41,2.4939909697063285e-40
Stromal,ferro_activity,20907,30664,-0.1841,-0.1361,-0.048,0.0,0.0
Stromal,ferro_defense,20907,30664,-0.1344,0.0022,-0.1367,0.0,0.0
Stromal,iron_load,20907,30664,-0.1609,-0.0961,-0.0648,0.0,0.0
Stromal,inflam_score,20907,30664,-0.2914,-0.1934,-0.098,0.0,0.0
