sample,group,FERROPTOSIS,HMGB1_AXIS,NOTCH,WNT
Con1,Control,0.5811627213269305,0.2752761983324985,0.49154280705889286,0.4202580948301716
Con2,Control,0.5684253748932033,0.3116371564092744,0.5082675367527915,0.38167908945388845
Con3,Control,0.5377926781663377,0.26409863594850197,0.493745028430015,0.37256728285806445
Con4,Control,0.565662470907109,0.21281854874348163,0.4904103938956486,0.38599628185109736
Con5,Control,0.573805718410276,0.24822496538314232,0.49935185457973663,0.40005756256529607
Con6,Control,0.5557837772147424,0.31766638187549723,0.5230920219190996,0.42778504234474546
Con7,Control,0.5559863226585746,0.2814777715582004,0.46390271926464954,0.4011846406154511
Ba1,IUA,0.5442718307162007,0.2694988657455145,0.5074021153109625,0.37041133060930964
Ba2,IUA,0.5394222483280794,0.3013139675338067,0.49594909112335384,0.3768542586855641
Ba3,IUA,0.5394567731196418,0.28610022685089703,0.49932055210205345,0.3582612479292207
Ba4,IUA,0.5327787577703798,0.3697581239136198,0.5330793536222491,0.36790411073768475
Ba5,IUA,0.48810597914150194,0.2773591020239814,0.5077924756208938,0.358971337317388
Ba6,IUA,0.553082557522906,0.4130395074094807,0.4644974663406299,0.37770938760833583
Ba7,IUA,0.5246737177032084,0.3092508028164865,0.4333257225348378,0.34202966209565505
