celltype,n,rho,pval,padj
AS-Epithelium,866,0.063,0.06292731179297846,0.0764117357486167
AS-uAS-uSMC,1646,0.077,0.0018133946858282534,0.0030827709659080305
B cells,604,0.001,0.9827647403778403,0.9827647403778403
CD8+ T cells,2258,0.045,0.034430647199590304,0.04502469249177194
Ciliated Epithelium,2583,0.146,9.731915957282148e-14,3.30885142547593e-13
Cytotoxic NK,848,0.002,0.960044521842973,0.9827647403778403
DC,506,0.315,3.8019404748129106e-13,1.077216467863658e-12
DN T cells,2380,0.053,0.009626822200508785,0.014129799715486663
Endothelium,3918,0.184,3.4955600853222367e-31,1.9808173816826007e-30
Epithelium,28759,0.074,2.0927294081277185e-36,1.7788199969085608e-35
Erythrocytes,174,0.498,2.664669405646767e-12,6.471339985142148e-12
MAIT cells,533,0.184,2.011672646911052e-05,3.799826110831987e-05
Macrophages,1353,0.301,8.131334665492222e-30,3.4558172328341946e-29
Mast cells,35,0.031,0.8611403827285853,0.97595910042573
NK,3569,0.043,0.009973976269755292,0.014129799715486663
Perivascular,4797,0.099,6.5540063386048085e-12,1.3927263469535219e-11
Stromal,51571,0.136,4.014342000670517e-210,6.824381401139879e-209
