,Epithelium,Stroma,Endothelium,Myeloid,Lymphoid
Con1,0.17121274571381995,-0.08659417435256828,-0.2882892180414893,-0.41401028766401027,0.36815122865503497
Con2,0.9019677396928036,-0.6206717295954054,-0.7531813942264622,-0.8831108932736464,-0.6948799275984185
Con3,-0.45510052047980953,-0.19623627979223174,-0.19144423674788671,-0.29172117515264046,-0.24316799453927002
Con4,-0.136816856329815,-0.1970759854074769,-0.9504689030047281,-1.2054571655693538,-0.2843736585411371
Con5,-0.015748092004123318,0.2254416273027176,0.5294547059923038,0.03703692084299513,-0.943749080721799
Con6,-0.20267737672168487,-0.6348517648960357,0.1187319333150665,-0.6456088590010624,0.4688513553824123
Con7,-0.10206324438599279,-0.20220804522539398,-1.2624121488872952,-0.29171561532041484,1.14554649501415
Ba1,0.2042523285163479,0.13351156808926465,0.22990291670406582,-0.3218680522338073,-0.39881530825563594
Ba2,0.1253537146816933,-0.1837292776219888,-1.4720433184632815,0.0034450257483587127,-0.6046330181243842
Ba3,0.20332810360273207,0.7106435636833699,0.3651711182735527,0.267122272651411,0.11603132758301557
Ba4,-0.2957840264408278,0.7043247360278144,1.5931850500873252,1.3190679015374982,0.18907691946987445
Ba5,-0.679827699514627,0.13633897047649673,1.0349697289075046,0.3277657811408716,-0.26336532460720974
Ba6,0.5758115405188761,-0.3042089606861233,0.534437164406094,1.4897284243872582,-0.42572582922279795
Ba7,-0.29390835684938726,0.5153157519975615,0.5119866016852281,0.609325721906554,1.5710528155061665
