score,covariates,beta_group,se,t,pval_adj
FERROPTOSIS,,-0.0288,0.0095,-3.04,0.010280767999006188
FERROPTOSIS,Epithelium,-0.0273,0.0065,-4.19,0.0015120541921412652
FERROPTOSIS,Epithelium+Stroma+Myeloid,-0.0374,0.0098,-3.81,0.004150133784088792
HMGB1_AXIS,,0.045,0.0244,1.846,0.08964044670823221
HMGB1_AXIS,Epithelium,0.0469,0.0236,1.989,0.07210802200969908
HMGB1_AXIS,Epithelium+Stroma+Myeloid,0.0056,0.0189,0.298,0.7726299367450039
WNT,,-0.0339,0.009,-3.769,0.0026771374025445606
WNT,Epithelium,-0.0336,0.0093,-3.621,0.004022131996774632
WNT,Epithelium+Stroma+Myeloid,-0.0325,0.0149,-2.185,0.056685093560410967
