title,gsm,comp,patient,stage,file,size
Endometrium_01-05_Epithelium_AS-Post,GSM9334113,Epithelium,P05,Post,GSM9334113_ENTIRE-1-05-E2.tar.gz,3795590
Endometrium_01-05_Stroma_AS-Pre,GSM9334114,Stroma,P05,Pre,GSM9334114_ENTIRE-1-05-S1.tar.gz,4121958
Endometrium_01-05_Stroma_AS-Post,GSM9334115,Stroma,P05,Post,GSM9334115_ENTIRE-1-05-S2.tar.gz,9918423
Endometrium_01-07_Epithelium_AS-Pre,GSM9334116,Epithelium,P07,Pre,GSM9334116_ENTIRE-1-07-E1.tar.gz,1481652
Endometrium_01-07_Epithelium_AS-Post,GSM9334117,Epithelium,P07,Post,GSM9334117_ENTIRE-1-07-E2.tar.gz,72873778
Endometrium_01-07_Stroma_AS-Pre,GSM9334118,Stroma,P07,Pre,GSM9334118_ENTIRE-1-07-S1.tar.gz,1922000
Endometrium_01-07_Stroma_AS-Post,GSM9334119,Stroma,P07,Post,GSM9334119_ENTIRE-1-07-S2.tar.gz,52442994
Endometrium_01-08_Epithelium_AS-Pre,GSM9334120,Epithelium,P08,Pre,GSM9334120_ENTIRE-1-08-E1.tar.gz,2282986
Endometrium_01-08_Epithelium_AS-Post,GSM9334121,Epithelium,P08,Post,GSM9334121_ENTIRE-1-08-E2.tar.gz,22608142
Endometrium_01-08_Stroma_AS-Pre,GSM9334122,Stroma,P08,Pre,GSM9334122_ENTIRE-1-08-S1.tar.gz,63411994
Endometrium_01-08_Stroma_AS-Post,GSM9334123,Stroma,P08,Post,GSM9334123_ENTIRE-1-08-S2.tar.gz,88345947
Endometrium_01-09_Epithelium_AS-Pre,GSM9334124,Epithelium,P09,Pre,GSM9334124_ENTIRE-1-09-E1.tar.gz,60571958
Endometrium_01-09_Epithelium_AS-Post,GSM9334125,Epithelium,P09,Post,GSM9334125_ENTIRE-1-09-E2.tar.gz,3176579
Endometrium_01-09_Stroma_AS-Pre,GSM9334126,Stroma,P09,Pre,GSM9334126_ENTIRE-1-09-S1.tar.gz,45172585
Endometrium_01-09_Stroma_AS-Post,GSM9334127,Stroma,P09,Post,GSM9334127_ENTIRE-1-09-S2.tar.gz,24628267
Endometrium_01-10_Epithelium_AS-Pre,GSM9334128,Epithelium,P10,Pre,GSM9334128_ENTIRE-1-10-E1.tar.gz,1392017
Endometrium_01-10_Epithelium_AS-Post,GSM9334129,Epithelium,P10,Post,GSM9334129_ENTIRE-1-10-E2.tar.gz,45576136
Endometrium_01-10_Stroma_AS-Pre,GSM9334130,Stroma,P10,Pre,GSM9334130_ENTIRE-1-10-S1.tar.gz,2591643
Endometrium_01-10_Stroma_AS-Post,GSM9334131,Stroma,P10,Post,GSM9334131_ENTIRE-1-10-S2.tar.gz,13162304
Endometrium_01-12_Epithelium_AS-Pre,GSM9334132,Epithelium,P12,Pre,GSM9334132_ENTIRE-1-12-E1.tar.gz,87291527
Endometrium_01-12_Epithelium_AS-Post,GSM9334133,Epithelium,P12,Post,GSM9334133_ENTIRE-1-12-E2.tar.gz,2119566
Endometrium_01-12_Stroma_AS-Pre,GSM9334134,Stroma,P12,Pre,GSM9334134_ENTIRE-1-12-S1.tar.gz,47014563
Endometrium_01-12_Stroma_AS-Post,GSM9334135,Stroma,P12,Post,GSM9334135_ENTIRE-1-12-S2.tar.gz,33055101
Endometrium_01-13_Epithelium_AS-Pre,GSM9334136,Epithelium,P13,Pre,GSM9334136_ENTIRE-1-13-E1.tar.gz,79190215
Endometrium_01-13_Epithelium_AS-Post,GSM9334137,Epithelium,P13,Post,GSM9334137_ENTIRE-1-13-E2.tar.gz,111665306
Endometrium_01-13_Stroma_AS-Pre,GSM9334138,Stroma,P13,Pre,GSM9334138_ENTIRE-1-13-S1.tar.gz,80126172
Endometrium_01-13_Stroma_AS-Post,GSM9334139,Stroma,P13,Post,GSM9334139_ENTIRE-1-13-S2.tar.gz,145696522
Endometrium_01-14_Epithelium_AS-Pre,GSM9334140,Epithelium,P14,Pre,GSM9334140_ENTIRE-1-14-E1.tar.gz,20030889
Endometrium_01-14_Epithelium_AS-Post,GSM9334141,Epithelium,P14,Post,GSM9334141_ENTIRE-1-14-E2.tar.gz,215329668
Endometrium_01-14_Stroma_AS-Pre,GSM9334142,Stroma,P14,Pre,GSM9334142_ENTIRE-1-14-S1.tar.gz,9956439
Endometrium_01-14_Stroma_AS-Post,GSM9334143,Stroma,P14,Post,GSM9334143_ENTIRE-1-14-S2.tar.gz,158549710
Endometrium_01-15_Epithelium_AS-Pre,GSM9334144,Epithelium,P15,Pre,GSM9334144_ENTIRE-1-15-E1.tar.gz,50734550
Endometrium_01-15_Epithelium_AS-Post,GSM9334145,Epithelium,P15,Post,GSM9334145_ENTIRE-1-15-E2.tar.gz,86092471
Endometrium_01-15_Stroma_AS-Pre,GSM9334146,Stroma,P15,Pre,GSM9334146_ENTIRE-1-15-S1.tar.gz,24365497
Endometrium_01-15_Stroma_AS-Post,GSM9334147,Stroma,P15,Post,GSM9334147_ENTIRE-1-15-S2.tar.gz,141188573
