Name,Term,ES,NES,NOM p-val,FDR q-val,FWER p-val,Tag %,Gene %,Lead_genes,compartment,library
prerank,TNF-alpha Signaling via NF-kB,0.3646158352650597,0.7446129367709245,0.8098495212038304,1.0,0.858,2/9,16.22%,IL6;CCL2,Stroma,MSigDB_Hallmark_2020
prerank,Reactive Oxygen Species Pathway,0.2851984105017125,0.5580484280143994,0.9741144414168937,0.9733788395904437,0.94,2/8,27.03%,NQO1;GCLM,Stroma,MSigDB_Hallmark_2020
prerank,Lipid and atherosclerosis,-0.5227637676232249,-1.247920487620752,0.16487455197132617,0.3316062176165803,0.19197207678883071,5/9,21.62%,IL1B;NLRP3;CXCL8;CCL3;SOD2,Stroma,KEGG_2021_Human
prerank,Ferroptosis,0.507536946223283,1.1275598520946788,0.3015075376884422,0.3137342908438061,0.539,9/16,40.54%,SLC7A11;SLC39A14;ALOX15;ACSL4;GCLM;LPCAT3;FTH1;TFRC;SAT1,Stroma,KEGG_2021_Human
prerank,Human cytomegalovirus infection,-0.4407268769686727,-1.003915990126162,0.43252595155709345,0.41321243523316065,0.47469458987783597,3/8,16.22%,IL1B;CXCL8;CCL3,Stroma,KEGG_2021_Human
prerank,TNF-alpha Signaling via NF-kB,-0.6043581534379884,-1.2945433572897027,0.16973125884016974,0.34801136363636365,0.24946695095948826,4/9,24.32%,CCL2;SOD2;TNF;CCL4,Epithelium,MSigDB_Hallmark_2020
prerank,Reactive Oxygen Species Pathway,-0.2534183878572051,-0.5349325592251569,0.9643366619115549,0.9666193181818182,0.9829424307036247,5/8,51.35%,SOD2;FTL;GPX4;TXNRD1;PRDX1,Epithelium,MSigDB_Hallmark_2020
prerank,Lipid and atherosclerosis,-0.7191366286862368,-1.5728215935511622,0.02091503267973856,0.047769265434880574,0.04824120603015075,5/9,21.62%,CCL2;CCL3;NOX1;SOD2;TNF,Epithelium,KEGG_2021_Human
prerank,Human cytomegalovirus infection,-0.6400401598141716,-1.3528833280566606,0.11631205673758865,0.11581793600721045,0.22311557788944725,6/8,40.54%,CCL2;CCL3;TNF;CCL4;CXCL8;IL1B,Epithelium,KEGG_2021_Human
prerank,Ferroptosis,0.33966783123654104,1.1090972061319717,0.2948207171314741,0.30985915492957744,0.219,9/16,32.43%,SLC7A11;ACSL4;SLC39A14;TFRC;GCLM;SAT1;FTH1;LPCAT3;ALOX15,Epithelium,KEGG_2021_Human
