compartment,gene,n_pairs,mean_delta,frac_up
Epithelium,ACSL4,8,0.4466672368685849,0.75
Epithelium,ALOX15,8,0.04710218967879459,0.5
Epithelium,ALOX5,8,-0.21317971604637131,0.125
Epithelium,ALOXE3,8,0.20474981002262038,0.375
Epithelium,CCL2,8,-0.6158879217839419,0.25
Epithelium,CCL3,8,-0.4020947584157041,0.25
Epithelium,CCL4,8,-0.3475487832642782,0.375
Epithelium,CD83,8,0.11573995091875866,0.5
Epithelium,CXCL8,8,-0.18468363954408462,0.25
Epithelium,DHODH,8,0.007212123192679498,0.5
Epithelium,FTH1,8,0.09041409304465353,0.75
Epithelium,FTL,8,-0.2736966660108209,0.125
Epithelium,GCLC,8,-0.0314395713011576,0.375
Epithelium,GCLM,8,0.12220287060882695,0.5
Epithelium,GPX4,8,-0.17618050033618826,0.25
Epithelium,HMOX1,8,-0.9407066840409444,0.0
Epithelium,IL1B,8,-0.1720566416227306,0.25
Epithelium,IL6,8,-0.10645321805701657,0.375
Epithelium,LPCAT3,8,0.06282321615456377,0.75
Epithelium,NCOA4,8,-0.11624651518947826,0.375
Epithelium,NLRP3,8,-0.11753150693828701,0.375
Epithelium,NOX1,8,-0.40148053684479434,0.25
Epithelium,NOX4,8,-0.1565576428992057,0.375
Epithelium,NQO1,8,0.324541311120637,0.875
Epithelium,PLA2G6,8,-0.02738380200168078,0.375
Epithelium,PRDX1,8,-0.12221437474380514,0.25
Epithelium,PTGS2,8,-0.08602138479229515,0.375
Epithelium,SAT1,8,0.1070448890273521,0.5
Epithelium,SLC39A14,8,0.21790595207302355,0.625
Epithelium,SLC3A2,8,-0.14065858853736768,0.625
Epithelium,SLC40A1,8,-0.2950966478443331,0.25
Epithelium,SLC7A11,8,0.5555750497640276,0.875
Epithelium,SOD2,8,-0.3986777424217207,0.125
Epithelium,SPP1,8,-0.57230915639678,0.375
Epithelium,TFRC,8,0.19096482241288348,0.625
Epithelium,TNF,8,-0.3739540551154634,0.25
Epithelium,TXNRD1,8,-0.1540457421001421,0.375
Stroma,ACSL4,9,0.7862637536767351,0.8888888888888888
Stroma,ALOX15,9,0.8611741054415378,0.6666666666666666
Stroma,ALOX5,9,0.10348414732715937,0.4444444444444444
Stroma,ALOXE3,9,1.1664580173665948,0.7777777777777778
Stroma,CCL2,9,0.977266376186681,0.5555555555555556
Stroma,CCL3,9,-0.4001811987547895,0.2222222222222222
Stroma,CCL4,9,-0.054636754741651056,0.3333333333333333
Stroma,CD83,9,-0.12692164462119415,0.4444444444444444
Stroma,CXCL8,9,-0.6662535119884584,0.3333333333333333
Stroma,DHODH,9,0.15633947726151978,0.7777777777777778
Stroma,FTH1,9,0.259714461130272,0.6666666666666666
Stroma,FTL,9,-0.3858863913922623,0.2222222222222222
Stroma,GCLC,9,0.14084025170952272,0.6666666666666666
Stroma,GCLM,9,0.6794169356671006,1.0
Stroma,GPX4,9,0.11409468299707272,0.6666666666666666
Stroma,HMOX1,9,-0.8696834140640581,0.0
Stroma,IL1B,9,-1.296393108364069,0.2222222222222222
Stroma,IL6,9,1.1379339025108148,0.5555555555555556
Stroma,LPCAT3,9,0.4879327117574968,0.7777777777777778
Stroma,NCOA4,9,-0.03846946783898275,0.5555555555555556
Stroma,NLRP3,9,-0.7435258327097701,0.4444444444444444
Stroma,NOX1,9,-0.07867152381023608,0.1111111111111111
Stroma,NOX4,9,1.2193653084826965,0.6666666666666666
Stroma,NQO1,9,0.7277779747998787,0.7777777777777778
Stroma,PLA2G6,9,0.2169411795248019,0.4444444444444444
Stroma,PRDX1,9,0.1306855986407213,0.7777777777777778
Stroma,PTGS2,9,-0.01052358445630445,0.4444444444444444
Stroma,SAT1,9,0.23027287842445254,0.8888888888888888
Stroma,SLC39A14,9,1.1338508589278955,0.7777777777777778
Stroma,SLC3A2,9,0.07395939572686079,0.3333333333333333
Stroma,SLC40A1,9,0.015850076201222092,0.5555555555555556
Stroma,SLC7A11,9,1.6002350859292909,0.8888888888888888
Stroma,SOD2,9,-0.24155264618935687,0.5555555555555556
Stroma,SPP1,9,0.38292259334961315,0.8888888888888888
Stroma,TFRC,9,0.2488050808490762,0.8888888888888888
Stroma,TNF,9,-0.09260335810406545,0.4444444444444444
Stroma,TXNRD1,9,0.08784395355929636,0.5555555555555556
