patient,comp,stage,PRO_FERRO,DEFENSE,IRON,INFLAM
P05,Epithelium,Post,6.890408933083369,8.830317269780144,9.4193263368996,6.870776588485432
P05,Stroma,Pre,5.970047313598892,9.165034305837962,9.56821258142271,8.006733002719903
P05,Stroma,Post,7.082422611962116,9.221035730554506,9.651311677645511,7.486327187500268
P07,Epithelium,Pre,6.260888921272685,9.048901888828434,9.453925977171275,7.211181426606712
P07,Epithelium,Post,6.8381860547115,9.130770575336221,9.512342231584833,7.316231159564529
P07,Stroma,Pre,5.957000083703607,8.267052493357733,9.290677642218649,7.616801391367886
P07,Stroma,Post,6.894425245790513,9.387867653562457,9.708600601226992,8.71687137739938
P08,Epithelium,Pre,6.211603332377834,9.284095004883506,9.754926614545523,6.666709095746884
P08,Epithelium,Post,6.780182545918923,8.7156860156451,9.207217137711442,5.902999226553964
P08,Stroma,Pre,6.40771014238535,9.079662705074496,9.455523575395395,8.81653756691439
P08,Stroma,Post,6.867138585321785,9.250377336562792,9.540931141480556,7.632342289079949
P09,Epithelium,Pre,7.149960631285028,9.522725892667289,9.977450297252144,7.344440467804756
P09,Epithelium,Post,6.636483670643168,9.476584348897452,9.762286444904046,8.750051611437549
P09,Stroma,Pre,6.797513157885131,9.34743624758831,9.899717321560798,8.025798575393884
P09,Stroma,Post,6.812628225791012,9.343752508703284,9.5477258686455,8.98183478906335
P10,Epithelium,Pre,6.422407313615285,9.264207895708038,9.81538344062568,7.870771575705658
P10,Epithelium,Post,6.600433333522299,9.388805014674741,9.729117369219628,7.427045958587508
P10,Stroma,Pre,5.888464727782933,8.526625709421195,9.423203867377456,7.705196973624308
P10,Stroma,Post,7.18033792817735,9.083997525315572,9.51064637961758,8.365485367648535
P12,Epithelium,Pre,6.942848236147432,9.10301969559135,9.65146235151839,7.411341501951678
P12,Epithelium,Post,5.950954965563211,9.142961483337302,9.309617285416774,7.791688982389559
P12,Stroma,Pre,6.55126913116041,8.84354418512349,9.387813625314257,9.11828232514318
P12,Stroma,Post,6.250893755914669,8.710291218546212,9.085097224837657,9.36467846084553
P13,Epithelium,Pre,6.826544819478801,9.075282933910438,9.661787511548955,8.02553202146842
P13,Epithelium,Post,6.798740682658149,9.147310335425965,9.386372055868327,7.519362063890983
P13,Stroma,Pre,6.73930334423231,9.131210361474128,9.575408113360497,8.910010387892402
P13,Stroma,Post,6.730284199316959,9.25276857517609,9.558869621000413,8.070352601907498
P14,Epithelium,Pre,6.447334654112126,9.140561754163032,9.431304047679541,8.201279258574237
P14,Epithelium,Post,6.517340241206257,9.310650110912066,9.27878817294555,6.923072188374564
P14,Stroma,Pre,6.434741549320505,9.249032388971195,9.40967608262078,8.659467288862091
P14,Stroma,Post,6.932916780347146,9.542638084978977,9.61191510144341,7.683306334443705
P15,Epithelium,Pre,6.463421603263579,9.033840006169495,9.18559382909306,8.322543901817955
P15,Epithelium,Post,6.772773259460954,9.02855536254581,9.458708634006808,7.2019242747020185
P15,Stroma,Pre,6.573149909747248,8.984738655385481,9.364551113466078,8.882789307898857
P15,Stroma,Post,6.948302118814556,9.309210003714036,9.627919283170211,8.646265128415484
