gsm,title,patient,comp,stage,file,n_cells,ACSL4,ALOX15,ALOX5,ALOXE3,CCL2,CCL3,CCL4,CD83,CXCL8,DHODH,FTH1,FTL,GCLC,GCLM,GPX4,HMOX1,IL1B,IL6,LPCAT3,NCOA4,NLRP3,NOX1,NOX4,NQO1,PLA2G6,PRDX1,PTGS2,SAT1,SLC39A14,SLC3A2,SLC40A1,SLC7A11,SOD2,SPP1,TFRC,TNF,TXNRD1
GSM9334113,Endometrium_01-05_Epithelium_AS-Post,P05,Epithelium,Post,GSM9334113_ENTIRE-1-05-E2.tar.gz,416,1438.0,0.0,38.0,5.0,49.0,20.0,150.0,662.0,681.0,22.0,28911.0,3143.0,180.0,143.0,868.0,23.0,6.0,121.0,317.0,240.0,1.0,0.0,24.0,306.0,53.0,1240.0,156.0,19290.0,3797.0,564.0,417.0,18.0,3434.0,778.0,351.0,34.0,161.0
GSM9334114,Endometrium_01-05_Stroma_AS-Pre,P05,Stroma,Pre,GSM9334114_ENTIRE-1-05-S1.tar.gz,2131,84.0,0.0,1.0,0.0,100.0,121.0,191.0,189.0,184.0,14.0,8261.0,3306.0,62.0,32.0,483.0,21.0,49.0,19.0,57.0,106.0,2.0,0.0,5.0,65.0,10.0,623.0,28.0,3955.0,292.0,235.0,155.0,12.0,530.0,122.0,47.0,25.0,77.0
GSM9334115,Endometrium_01-05_Stroma_AS-Post,P05,Stroma,Post,GSM9334115_ENTIRE-1-05-S2.tar.gz,1572,1348.0,1.0,75.0,1.0,136.0,704.0,2188.0,389.0,346.0,55.0,28143.0,8209.0,230.0,265.0,1602.0,42.0,0.0,279.0,375.0,547.0,16.0,0.0,28.0,312.0,109.0,1569.0,202.0,17739.0,3411.0,849.0,532.0,107.0,1993.0,634.0,255.0,244.0,243.0
GSM9334116,Endometrium_01-07_Epithelium_AS-Pre,P07,Epithelium,Pre,GSM9334116_ENTIRE-1-07-E1.tar.gz,1474,48.0,0.0,2.0,0.0,13.0,52.0,90.0,20.0,14.0,5.0,2108.0,742.0,7.0,18.0,108.0,2.0,5.0,1.0,15.0,29.0,0.0,0.0,1.0,21.0,4.0,149.0,6.0,980.0,139.0,35.0,24.0,1.0,108.0,38.0,11.0,9.0,18.0
GSM9334117,Endometrium_01-07_Epithelium_AS-Post,P07,Epithelium,Post,GSM9334117_ENTIRE-1-07-E2.tar.gz,8638,10698.0,11.0,214.0,7.0,1254.0,2262.0,3598.0,2170.0,2106.0,390.0,335516.0,88510.0,1415.0,4198.0,16979.0,183.0,315.0,911.0,2895.0,4288.0,59.0,0.0,270.0,3541.0,758.0,18513.0,1156.0,162478.0,33625.0,6305.0,4035.0,601.0,14026.0,7252.0,3064.0,478.0,2397.0
GSM9334118,Endometrium_01-07_Stroma_AS-Pre,P07,Stroma,Pre,GSM9334118_ENTIRE-1-07-S1.tar.gz,572,43.0,0.0,7.0,1.0,7.0,938.0,2112.0,151.0,50.0,8.0,3828.0,1869.0,24.0,19.0,296.0,17.0,4.0,0.0,24.0,60.0,10.0,0.0,0.0,87.0,14.0,338.0,17.0,3904.0,93.0,58.0,76.0,0.0,152.0,83.0,45.0,95.0,35.0
GSM9334119,Endometrium_01-07_Stroma_AS-Post,P07,Stroma,Post,GSM9334119_ENTIRE-1-07-S2.tar.gz,8514,2263.0,8.0,215.0,1.0,422.0,7600.0,13464.0,2230.0,3729.0,254.0,98117.0,54447.0,764.0,2586.0,7350.0,225.0,2633.0,92.0,1238.0,2414.0,290.0,0.0,74.0,714.0,453.0,7131.0,1040.0,35944.0,4903.0,3082.0,1771.0,400.0,6922.0,1813.0,1385.0,3321.0,1526.0
GSM9334120,Endometrium_01-08_Epithelium_AS-Pre,P08,Epithelium,Pre,GSM9334120_ENTIRE-1-08-E1.tar.gz,524,75.0,0.0,1.0,0.0,66.0,9.0,28.0,60.0,11.0,16.0,3362.0,3067.0,32.0,37.0,325.0,9.0,0.0,12.0,27.0,92.0,1.0,0.0,2.0,21.0,18.0,437.0,28.0,1282.0,111.0,149.0,109.0,1.0,491.0,41.0,45.0,17.0,59.0
GSM9334121,Endometrium_01-08_Epithelium_AS-Post,P08,Epithelium,Post,GSM9334121_ENTIRE-1-08-E2.tar.gz,4682,3785.0,1.0,386.0,6.0,71.0,79.0,154.0,1152.0,300.0,111.0,115153.0,18296.0,248.0,449.0,4296.0,63.0,40.0,46.0,975.0,761.0,2.0,0.0,23.0,631.0,159.0,5203.0,471.0,53166.0,2255.0,1447.0,832.0,53.0,3059.0,128.0,1101.0,58.0,301.0
GSM9334122,Endometrium_01-08_Stroma_AS-Pre,P08,Stroma,Pre,GSM9334122_ENTIRE-1-08-S1.tar.gz,8894,1077.0,1.0,313.0,0.0,805.0,7839.0,15672.0,4805.0,12993.0,282.0,87301.0,119272.0,679.0,1690.0,10004.0,657.0,7861.0,404.0,1024.0,2737.0,672.0,2.0,111.0,235.0,509.0,7915.0,1505.0,37248.0,786.0,4545.0,3107.0,107.0,23369.0,176.0,976.0,3170.0,1436.0
GSM9334123,Endometrium_01-08_Stroma_AS-Post,P08,Stroma,Post,GSM9334123_ENTIRE-1-08-S2.tar.gz,10667,5187.0,2.0,534.0,8.0,730.0,2202.0,7572.0,1969.0,2215.0,565.0,221150.0,88763.0,1211.0,3421.0,15063.0,331.0,1236.0,250.0,3258.0,4046.0,155.0,1.0,107.0,1001.0,747.0,16473.0,1073.0,103622.0,5384.0,4997.0,3731.0,414.0,11040.0,531.0,1818.0,1332.0,2114.0
GSM9334124,Endometrium_01-09_Epithelium_AS-Pre,P09,Epithelium,Pre,GSM9334124_ENTIRE-1-09-E1.tar.gz,4935,8063.0,11.0,339.0,3.0,1238.0,1361.0,3265.0,2201.0,916.0,503.0,173764.0,87177.0,1863.0,3511.0,14855.0,1159.0,284.0,316.0,2150.0,4868.0,62.0,5.0,163.0,1299.0,554.0,10901.0,706.0,58081.0,6697.0,5346.0,4305.0,399.0,19563.0,537.0,2078.0,421.0,3092.0
GSM9334125,Endometrium_01-09_Epithelium_AS-Post,P09,Epithelium,Post,GSM9334125_ENTIRE-1-09-E2.tar.gz,297,479.0,0.0,3.0,1.0,518.0,263.0,403.0,303.0,864.0,31.0,10610.0,5363.0,110.0,169.0,879.0,37.0,313.0,151.0,60.0,203.0,22.0,0.0,12.0,101.0,28.0,732.0,120.0,3713.0,735.0,464.0,157.0,33.0,1179.0,31.0,147.0,76.0,181.0
GSM9334126,Endometrium_01-09_Stroma_AS-Pre,P09,Stroma,Pre,GSM9334126_ENTIRE-1-09-S1.tar.gz,15216,1069.0,3.0,124.0,1.0,96.0,1323.0,2056.0,1025.0,1537.0,237.0,52591.0,52417.0,402.0,812.0,4966.0,237.0,2707.0,16.0,709.0,3481.0,217.0,0.0,17.0,264.0,277.0,6794.0,562.0,14440.0,1336.0,2619.0,1004.0,78.0,3953.0,385.0,1114.0,535.0,974.0
GSM9334127,Endometrium_01-09_Stroma_AS-Post,P09,Stroma,Post,GSM9334127_ENTIRE-1-09-S2.tar.gz,4300,1346.0,2.0,69.0,3.0,269.0,3477.0,11288.0,3064.0,5776.0,117.0,45143.0,23059.0,405.0,927.0,4616.0,150.0,1688.0,189.0,438.0,886.0,317.0,0.0,21.0,281.0,191.0,2950.0,721.0,17736.0,1111.0,1941.0,668.0,161.0,5269.0,85.0,967.0,1544.0,795.0
GSM9334128,Endometrium_01-10_Epithelium_AS-Pre,P10,Epithelium,Pre,GSM9334128_ENTIRE-1-10-E1.tar.gz,310,33.0,0.0,10.0,0.0,165.0,12.0,20.0,12.0,31.0,5.0,1963.0,1697.0,16.0,9.0,154.0,7.0,10.0,9.0,15.0,74.0,6.0,0.0,1.0,8.0,3.0,197.0,87.0,517.0,37.0,87.0,63.0,4.0,253.0,7.0,29.0,8.0,34.0
GSM9334129,Endometrium_01-10_Epithelium_AS-Post,P10,Epithelium,Post,GSM9334129_ENTIRE-1-10-E2.tar.gz,4946,2227.0,2.0,100.0,0.0,2657.0,312.0,843.0,780.0,537.0,314.0,79285.0,39720.0,524.0,650.0,7235.0,100.0,116.0,155.0,548.0,2547.0,32.0,0.0,61.0,437.0,274.0,8247.0,664.0,27236.0,1482.0,3204.0,3747.0,77.0,6684.0,378.0,872.0,210.0,1654.0
GSM9334130,Endometrium_01-10_Stroma_AS-Pre,P10,Stroma,Pre,GSM9334130_ENTIRE-1-10-S1.tar.gz,623,115.0,0.0,189.0,0.0,0.0,228.0,267.0,65.0,1181.0,10.0,3360.0,7364.0,43.0,36.0,215.0,65.0,194.0,1.0,27.0,178.0,55.0,0.0,0.0,1.0,9.0,198.0,103.0,2105.0,17.0,110.0,60.0,3.0,769.0,41.0,71.0,196.0,47.0
GSM9334131,Endometrium_01-10_Stroma_AS-Post,P10,Stroma,Post,GSM9334131_ENTIRE-1-10-S2.tar.gz,1346,1024.0,2.0,234.0,2.0,273.0,885.0,3599.0,783.0,1151.0,108.0,26273.0,11020.0,250.0,295.0,2335.0,33.0,248.0,78.0,614.0,691.0,46.0,0.0,24.0,132.0,244.0,2337.0,260.0,31976.0,2185.0,1479.0,886.0,24.0,5989.0,319.0,536.0,747.0,458.0
GSM9334132,Endometrium_01-12_Epithelium_AS-Pre,P12,Epithelium,Pre,GSM9334132_ENTIRE-1-12-E1.tar.gz,10520,7355.0,3.0,326.0,18.0,1913.0,1059.0,2201.0,3958.0,2228.0,458.0,303901.0,77914.0,1531.0,1663.0,17913.0,408.0,512.0,744.0,2195.0,4153.0,50.0,3.0,172.0,1983.0,441.0,16506.0,1731.0,91209.0,7905.0,4882.0,5056.0,117.0,22627.0,3095.0,3500.0,348.0,2450.0
GSM9334133,Endometrium_01-12_Epithelium_AS-Post,P12,Epithelium,Post,GSM9334133_ENTIRE-1-12-E2.tar.gz,553,52.0,0.0,7.0,0.0,29.0,285.0,1092.0,157.0,25.0,29.0,4754.0,3477.0,21.0,27.0,324.0,6.0,1.0,4.0,32.0,115.0,8.0,0.0,1.0,19.0,8.0,319.0,36.0,1339.0,20.0,131.0,107.0,6.0,318.0,12.0,50.0,66.0,74.0
GSM9334134,Endometrium_01-12_Stroma_AS-Pre,P12,Stroma,Pre,GSM9334134_ENTIRE-1-12-S1.tar.gz,6654,2099.0,9.0,671.0,2.0,187.0,23701.0,56368.0,7453.0,28301.0,272.0,116230.0,64938.0,1062.0,937.0,6250.0,1019.0,12926.0,195.0,870.0,3209.0,2275.0,0.0,23.0,372.0,249.0,4543.0,4280.0,41963.0,1113.0,2784.0,1065.0,167.0,18787.0,239.0,2633.0,8909.0,1835.0
GSM9334135,Endometrium_01-12_Stroma_AS-Post,P12,Stroma,Post,GSM9334135_ENTIRE-1-12-S2.tar.gz,6934,564.0,2.0,225.0,1.0,124.0,11810.0,34829.0,5282.0,21671.0,115.0,68434.0,45892.0,356.0,740.0,4841.0,254.0,11477.0,399.0,403.0,1332.0,1601.0,0.0,24.0,158.0,158.0,3388.0,2692.0,30842.0,623.0,2157.0,821.0,85.0,12400.0,320.0,879.0,8029.0,774.0
GSM9334136,Endometrium_01-13_Epithelium_AS-Pre,P13,Epithelium,Pre,GSM9334136_ENTIRE-1-13-E1.tar.gz,6842,5856.0,10.0,300.0,29.0,6359.0,2660.0,5753.0,9826.0,15326.0,509.0,356186.0,154903.0,2084.0,3464.0,21549.0,1012.0,2032.0,2139.0,2864.0,4821.0,224.0,2.0,258.0,1224.0,689.0,17699.0,2041.0,161035.0,19478.0,8992.0,5906.0,270.0,86877.0,2348.0,4016.0,852.0,3295.0
GSM9334137,Endometrium_01-13_Epithelium_AS-Post,P13,Epithelium,Post,GSM9334137_ENTIRE-1-13-E2.tar.gz,22065,12450.0,8.0,327.0,11.0,7437.0,1211.0,2870.0,7354.0,10637.0,826.0,471168.0,159033.0,2256.0,3252.0,21642.0,461.0,919.0,3478.0,4094.0,5135.0,53.0,8.0,246.0,2635.0,872.0,22764.0,2121.0,172429.0,18798.0,10851.0,3716.0,445.0,101630.0,2837.0,4213.0,833.0,3335.0
GSM9334138,Endometrium_01-13_Stroma_AS-Pre,P13,Stroma,Pre,GSM9334138_ENTIRE-1-13-S1.tar.gz,10925,1560.0,3.0,221.0,1.0,2113.0,7670.0,12899.0,5181.0,18764.0,312.0,98137.0,106767.0,1179.0,1609.0,9636.0,699.0,9055.0,477.0,1576.0,3272.0,1134.0,4.0,196.0,250.0,741.0,7067.0,1999.0,56959.0,2614.0,6193.0,4311.0,193.0,68684.0,325.0,1515.0,4137.0,2321.0
GSM9334139,Endometrium_01-13_Stroma_AS-Post,P13,Stroma,Post,GSM9334139_ENTIRE-1-13-S2.tar.gz,18018,11705.0,11.0,695.0,4.0,4215.0,7218.0,15303.0,5557.0,7136.0,1006.0,436629.0,179557.0,2388.0,4761.0,25866.0,1111.0,4269.0,778.0,5496.0,5493.0,277.0,2.0,184.0,2286.0,930.0,26413.0,1620.0,183885.0,18152.0,10858.0,3995.0,736.0,75949.0,3050.0,4972.0,3855.0,3936.0
GSM9334140,Endometrium_01-14_Epithelium_AS-Pre,P14,Epithelium,Pre,GSM9334140_ENTIRE-1-14-E1.tar.gz,2976,1462.0,5.0,244.0,2.0,1996.0,1215.0,2461.0,2033.0,4081.0,148.0,107865.0,56687.0,333.0,866.0,9752.0,677.0,600.0,688.0,549.0,1182.0,25.0,0.0,62.0,350.0,182.0,7610.0,472.0,33647.0,918.0,3973.0,1572.0,117.0,15021.0,1971.0,545.0,592.0,900.0
GSM9334141,Endometrium_01-14_Epithelium_AS-Post,P14,Epithelium,Post,GSM9334141_ENTIRE-1-14-E2.tar.gz,20613,23984.0,8.0,974.0,7.0,5804.0,2483.0,5760.0,12788.0,3536.0,1325.0,949378.0,405995.0,3778.0,13627.0,64835.0,524.0,457.0,3379.0,5695.0,11683.0,56.0,5.0,349.0,6789.0,1220.0,49977.0,3418.0,231479.0,19309.0,20037.0,6410.0,1546.0,80688.0,3593.0,6003.0,779.0,7148.0
GSM9334142,Endometrium_01-14_Stroma_AS-Pre,P14,Stroma,Pre,GSM9334142_ENTIRE-1-14-S1.tar.gz,1868,324.0,5.0,36.0,0.0,213.0,1016.0,3680.0,554.0,1277.0,54.0,23735.0,20275.0,141.0,356.0,2894.0,53.0,623.0,80.0,235.0,549.0,83.0,0.0,27.0,101.0,96.0,2209.0,84.0,7928.0,305.0,966.0,589.0,31.0,4418.0,162.0,199.0,544.0,398.0
GSM9334143,Endometrium_01-14_Stroma_AS-Post,P14,Stroma,Post,GSM9334143_ENTIRE-1-14-S2.tar.gz,16981,8533.0,13.0,284.0,5.0,883.0,5159.0,15440.0,3439.0,1875.0,692.0,287157.0,131800.0,2220.0,9877.0,22555.0,212.0,1221.0,143.0,3800.0,7630.0,128.0,3.0,196.0,1918.0,761.0,23057.0,989.0,69363.0,7971.0,7005.0,5351.0,1025.0,16902.0,1769.0,3057.0,1689.0,4272.0
GSM9334144,Endometrium_01-15_Epithelium_AS-Pre,P15,Epithelium,Pre,GSM9334144_ENTIRE-1-15-E1.tar.gz,9243,918.0,1.0,267.0,3.0,2879.0,2554.0,5648.0,1614.0,3563.0,222.0,120657.0,56800.0,381.0,479.0,14093.0,190.0,1163.0,419.0,822.0,1344.0,95.0,2.0,54.0,342.0,206.0,9912.0,543.0,43659.0,1095.0,4244.0,1767.0,80.0,12460.0,1511.0,444.0,369.0,804.0
GSM9334145,Endometrium_01-15_Epithelium_AS-Post,P15,Epithelium,Post,GSM9334145_ENTIRE-1-15-E2.tar.gz,6205,18551.0,6.0,893.0,8.0,3636.0,1339.0,3326.0,7378.0,11326.0,769.0,640152.0,119216.0,3659.0,3402.0,31098.0,421.0,837.0,911.0,5576.0,6530.0,51.0,2.0,221.0,3363.0,877.0,34617.0,2614.0,258739.0,35550.0,9506.0,6949.0,770.0,28433.0,6151.0,5392.0,554.0,3144.0
GSM9334146,Endometrium_01-15_Stroma_AS-Pre,P15,Stroma,Pre,GSM9334146_ENTIRE-1-15-S1.tar.gz,3132,692.0,2.0,265.0,0.0,303.0,5763.0,12346.0,1850.0,7322.0,196.0,60275.0,52885.0,419.0,480.0,8984.0,276.0,3675.0,186.0,790.0,1312.0,477.0,3.0,44.0,128.0,304.0,4860.0,867.0,26564.0,835.0,3805.0,1573.0,18.0,19663.0,546.0,502.0,2032.0,952.0
GSM9334147,Endometrium_01-15_Stroma_AS-Post,P15,Stroma,Post,GSM9334147_ENTIRE-1-15-S2.tar.gz,13281,9192.0,12.0,825.0,2.0,3022.0,13264.0,25522.0,7570.0,13201.0,935.0,360067.0,162664.0,3065.0,4268.0,33571.0,436.0,8477.0,454.0,4376.0,8578.0,921.0,8.0,207.0,1425.0,954.0,25942.0,3502.0,128743.0,13401.0,9702.0,8042.0,885.0,25887.0,5776.0,3731.0,5830.0,4607.0
