celltype,n_AS,n_CTL,med_AS,med_CTL,delta,p,padj
Ciliated Epithelium,123,2460,-0.1738,0.0289,-0.2027,5.2871502e-17,1.321787552282884e-16
Epithelium,3114,25645,-0.1217,0.0335,-0.1552,0.0,0.0
AS-uAS-uSMC,1346,300,-0.2311,-0.0759,-0.1551,0.0,0.0
AS-Epithelium,670,196,-0.0925,0.0271,-0.1196,6.518263e-08,1.3967706991024897e-07
Endothelium,1733,2185,-0.0665,0.0272,-0.0937,1.205e-42,4.519187547447535e-42
Stromal,20907,30664,-0.1213,-0.0464,-0.0749,0.0,0.0
Perivascular,2778,2019,-0.1581,-0.1025,-0.0557,1.2151152e-30,3.645345561758734e-30
B cells,364,240,-0.0555,-0.0027,-0.0529,0.019515699,0.01951569877564907
NK,2604,965,0.0498,0.0082,0.0416,0.00023566866,0.0003213663545796987
DN T cells,2011,369,-0.0541,-0.1057,0.0516,0.004812491,0.00555287437656751
MAIT cells,380,153,0.1771,0.1124,0.0647,0.016927928,0.01813706542764391
CD8+ T cells,1814,444,0.0101,-0.0733,0.0834,1.283362e-07,2.406303689639344e-07
Macrophages,1215,138,1.4012,1.2869,0.1143,0.0020734873,0.002591859083622694
Cytotoxic NK,745,103,0.0539,-0.1007,0.1546,3.9265416e-07,6.544235967946104e-07
DC,342,164,0.9106,0.6195,0.291,2.7149526e-05,4.0724289647187106e-05
