module,celltype,expected,dropped_gene,n_genes,delta_AS_minus_CTL,pval,direction_ok,sig_p05,robust
PRO_FERRO,Epithelium,up,NONE(full),13,0.1446,0.0,True,True,True
PRO_FERRO,Epithelium,up,ACSL4,12,0.142,0.0,True,True,True
PRO_FERRO,Epithelium,up,LPCAT3,12,0.0969,7.468636368961161e-21,True,True,True
PRO_FERRO,Epithelium,up,PTGS2,12,0.1785,0.0,True,True,True
PRO_FERRO,Epithelium,up,ALOX15,12,0.1564,0.0,True,True,True
PRO_FERRO,Epithelium,up,ALOX5,12,0.1487,0.0,True,True,True
PRO_FERRO,Epithelium,up,ALOXE3,12,0.1588,0.0,True,True,True
PRO_FERRO,Epithelium,up,TFRC,12,0.1336,7.426881860921529e-43,True,True,True
PRO_FERRO,Epithelium,up,SAT1,12,0.1714,0.0,True,True,True
PRO_FERRO,Epithelium,up,NCOA4,12,0.1714,0.0,True,True,True
PRO_FERRO,Epithelium,up,SLC39A14,12,0.0832,1.6551199120816517e-24,True,True,True
PRO_FERRO,Epithelium,up,NOX1,12,0.1566,0.0,True,True,True
PRO_FERRO,Epithelium,up,NOX4,12,0.1631,0.0,True,True,True
PRO_FERRO,Epithelium,up,PLA2G6,12,0.161,0.0,True,True,True
DEFENSE,Epithelium,down,NONE(full),12,-0.2445,0.0,True,True,True
DEFENSE,Epithelium,down,GPX4,11,-0.2077,0.0,True,True,True
DEFENSE,Epithelium,down,SLC7A11,11,-0.2486,0.0,True,True,True
DEFENSE,Epithelium,down,SLC3A2,11,-0.2211,0.0,True,True,True
DEFENSE,Epithelium,down,FTH1,11,-0.2762,0.0,True,True,True
DEFENSE,Epithelium,down,FTL,11,-0.2977,0.0,True,True,True
DEFENSE,Epithelium,down,DHODH,11,-0.2727,0.0,True,True,True
DEFENSE,Epithelium,down,GCLC,11,-0.2719,0.0,True,True,True
DEFENSE,Epithelium,down,GCLM,11,-0.2484,0.0,True,True,True
DEFENSE,Epithelium,down,NQO1,11,-0.2675,0.0,True,True,True
DEFENSE,Epithelium,down,SOD2,11,-0.1817,0.0,True,True,True
DEFENSE,Epithelium,down,PRDX1,11,-0.2399,0.0,True,True,True
DEFENSE,Epithelium,down,TXNRD1,11,-0.214,0.0,True,True,True
IRON,Macrophages,up,NONE(full),7,0.1631,1.2309027624723967e-05,True,True,True
IRON,Macrophages,up,TFRC,6,0.259,1.0242873216270711e-08,True,True,True
IRON,Macrophages,up,FTH1,6,0.1857,2.547909161876305e-06,True,True,True
IRON,Macrophages,up,FTL,6,0.1301,0.0008525127777829,True,True,True
IRON,Macrophages,up,HMOX1,6,0.1231,0.0184282343834638,True,True,True
IRON,Macrophages,up,NCOA4,6,0.0663,0.0182464774698019,True,True,True
IRON,Macrophages,up,SLC40A1,6,0.2091,3.619088317918795e-07,True,True,True
IRON,Macrophages,up,SLC39A14,6,0.2128,2.306939222762594e-06,True,True,True
INFLAM,Macrophages,up,NONE(full),10,0.0778,0.6405263543128967,True,False,False
INFLAM,Macrophages,up,IL1B,9,-0.0989,0.068443551659584,False,False,False
INFLAM,Macrophages,up,IL6,9,0.0644,0.6919102072715759,True,False,False
INFLAM,Macrophages,up,CCL2,9,0.3275,0.4482901096343994,True,False,False
INFLAM,Macrophages,up,CCL3,9,0.1428,0.4871693551540375,True,False,False
INFLAM,Macrophages,up,CCL4,9,-0.0135,0.4191932678222656,False,False,False
INFLAM,Macrophages,up,CXCL8,9,0.1033,0.6981622576713562,True,False,False
INFLAM,Macrophages,up,TNF,9,0.0783,0.6305989623069763,True,False,False
INFLAM,Macrophages,up,NLRP3,9,-0.0963,0.0023935954086482,False,True,False
INFLAM,Macrophages,up,SPP1,9,0.1394,0.8509998917579651,True,False,False
INFLAM,Macrophages,up,CD83,9,0.0534,0.5976430177688599,True,False,False
HMGB1_AXIS,Macrophages,up,NONE(full),20,0.1143,0.002073487266898155,True,True,True
HMGB1_AXIS,Macrophages,up,HMGB1,19,0.1275,0.0005140396533533931,True,True,True
HMGB1_AXIS,Macrophages,up,TLR2,19,0.0473,0.05441436171531677,True,False,False
HMGB1_AXIS,Macrophages,up,TLR4,19,0.0557,0.012318353168666363,True,True,True
HMGB1_AXIS,Macrophages,up,TLR9,19,0.1203,0.002073487266898155,True,True,True
HMGB1_AXIS,Macrophages,up,AGER,19,0.1709,0.0011944377329200506,True,True,True
HMGB1_AXIS,Macrophages,up,NLRP3,19,0.0915,0.10418958961963654,True,False,False
HMGB1_AXIS,Macrophages,up,AIM2,19,0.1069,0.0017083367565646768,True,True,True
HMGB1_AXIS,Macrophages,up,PYCARD,19,0.1343,0.0042526256293058395,True,True,True
HMGB1_AXIS,Macrophages,up,CASP1,19,0.179,0.0018357414519414306,True,True,True
HMGB1_AXIS,Macrophages,up,CASP4,19,0.1222,0.005364373326301575,True,True,True
HMGB1_AXIS,Macrophages,up,CASP5,19,0.0786,0.014551825821399689,True,True,True
HMGB1_AXIS,Macrophages,up,IL1B,19,0.1226,0.002417202340438962,True,True,True
HMGB1_AXIS,Macrophages,up,IL18,19,0.2202,3.137017120025121e-05,True,True,True
HMGB1_AXIS,Macrophages,up,MYD88,19,0.1548,0.005797708407044411,True,True,True
HMGB1_AXIS,Macrophages,up,TICAM1,19,0.1132,0.002424579579383135,True,True,True
HMGB1_AXIS,Macrophages,up,RELA,19,0.1276,0.0022582723759114742,True,True,True
HMGB1_AXIS,Macrophages,up,NFKB1,19,0.1188,0.0009061780292540789,True,True,True
HMGB1_AXIS,Macrophages,up,NFKBIA,19,0.1066,0.0020567444153130054,True,True,True
HMGB1_AXIS,Macrophages,up,CXCL8,19,0.1385,0.0006592974532395601,True,True,True
HMGB1_AXIS,Macrophages,up,CCL2,19,0.2394,2.5777004339033738e-05,True,True,True
