celltype,signature,target,n,rho,pval,padj
DC,M1,iron_load,506,0.147,0.0009181597342522943,0.0011476996678153677
DC,M1,hmgb1,506,0.379,9.296088675862744e-19,2.6560253359607842e-18
DC,M1,inflam_score,506,0.458,1.1741992281487968e-27,5.8709961407439835e-27
DC,M1,ferro_activity,506,0.22,6.054278581393397e-07,1.1007779238897083e-06
DC,M2,iron_load,506,0.445,4.860283018978972e-26,1.9441132075915887e-25
DC,M2,hmgb1,506,0.158,0.0003572686040729092,0.00047635813876387894
DC,M2,inflam_score,506,0.19,1.6699648723428397e-05,2.569176726681292e-05
DC,M2,ferro_activity,506,0.24,4.5417276408294886e-08,9.083455281658977e-08
DC,M1_ASvsCTL,median_delta,506,0.2720000147819519,0.2581882178783417,0.271777071450886
DC,M2_ASvsCTL,median_delta,506,0.9620000123977661,1.628323275326693e-06,2.7138721255444884e-06
Macrophages,M1,iron_load,1353,0.269,8.257343161735816e-24,2.7524477205786057e-23
Macrophages,M1,hmgb1,1353,0.643,7.08995096737136e-159,7.0899509673713595e-158
Macrophages,M1,inflam_score,1353,0.806,1.54295232704489e-309,3.085904654089778e-308
Macrophages,M1,ferro_activity,1353,0.328,2.746313741956487e-35,1.8308758279709915e-34
Macrophages,M2,iron_load,1353,0.05,0.06419632012434247,0.07132924458260274
Macrophages,M2,hmgb1,1353,0.186,5.191203603253904e-12,1.297800900813476e-11
Macrophages,M2,inflam_score,1353,0.065,0.01723687619412848,0.02027867787544527
Macrophages,M2,ferro_activity,1353,0.168,5.203356194990688e-10,1.1563013766645974e-09
Macrophages,M1_ASvsCTL,median_delta,1353,0.0,0.6525058150291443,0.6525058150291443
Macrophages,M2_ASvsCTL,median_delta,1353,-0.5709999799728394,2.3813974621589296e-05,3.401996374512757e-05
