celltype,n,rho,pval,padj
Mast cells,35,0.318,0.0625032477389129,0.07962280558720647
Endothelium,3918,0.186,1.0901175949121975e-31,9.265999556753679e-31
Epithelium,28759,0.176,6.411493536829755e-200,1.0899539012610583e-198
Ciliated Epithelium,2583,0.166,2.5270500277486234e-17,1.073996261793165e-16
B cells,604,0.121,0.0027992455104768965,0.006798167668301035
DC,506,0.101,0.022805126278205582,0.0323072622274579
Perivascular,4797,0.096,2.3341390884574105e-11,7.936072900755195e-11
AS-uAS-uSMC,1646,0.092,0.00018066211011048464,0.0005118759786463731
Macrophages,1353,0.065,0.01661773054383477,0.026246671495832853
CD8+ T cells,2258,0.055,0.008971785937959456,0.019065045118163846
MAIT cells,533,0.055,0.20668023708332944,0.23423760202777338
Stromal,51571,0.044,5.8505494716820316e-24,3.315311367286484e-23
NK,3569,0.04,0.016983140379656553,0.026246671495832853
AS-Epithelium,866,-0.013,0.6986911539327698,0.6986911539327698
Cytotoxic NK,848,-0.027,0.4313093186550359,0.4582661510709757
DN T cells,2380,-0.051,0.013106127927082052,0.024756019417821653
Erythrocytes,174,-0.14,0.06557172224828768,0.07962280558720647
